site,Mean,Max,Min,Data_Points
2849,28.89882394,587.85,-4.54,8503
2899,33.87457785,614,0,8587
2948,15.33664964,846,-3.5,8614
2955,24.49836066,758.6,-3.4,8601
2956,27.65267465,576.3,-2,8431
3011,31.55131686,700.9,-2.2,8619
3026,51.73225204,949.3,0,8570
3154,23.50774171,1987.6,-4.5,8719
3658,29.73653111,844,-5,8631
3762,29.35821071,405,-4,8495