,Mean,Max,Min,Data_Points
2849,22.247717347077174,191.98,-4.97,7373
2899,29.27829967120714,194.0,1.0,8516
2948,12.62830970008784,283.6,-3.2,7969
2955,18.371605960264898,447.6,-3.0,8456
2956,15.458512628624884,303.0,-3.3,8552
3011,20.750559962669154,985.0,-3.3,8572
3026,37.92369306708548,471.0,-13.5,4457
3154,16.118720406513454,837.8,-12.5,8659
3658,22.484160191273162,769.0,-4.0,8365
3762,26.90395679229776,600.0,-4.0,8517
